{
  "1600-1800": {
    "blitz": {
      "label_position_quality": {
        "rmse": 0.24508490604761798,
        "r2": 0.1867957548326139,
        "corr": 0.43260424671544984,
        "n_positions": 145542,
        "n_games": 2043
      },
      "label_move_ease": {
        "rmse": 0.22254027429863954,
        "r2": 0.09145174155602886,
        "corr": 0.30268116563722874,
        "n_positions": 145542,
        "n_games": 2043
      }
    },
    "rapid_classical": {
      "label_position_quality": {
        "rmse": 0.23963672917120404,
        "r2": 0.22640605784934287,
        "corr": 0.4770217013086118,
        "n_positions": 36100,
        "n_games": 511
      },
      "label_move_ease": {
        "rmse": 0.22305608098708865,
        "r2": 0.07496858673132245,
        "corr": 0.27736908374425095,
        "n_positions": 36100,
        "n_games": 511
      }
    }
  },
  "1800-2000": {
    "blitz": {
      "label_position_quality": {
        "rmse": 0.24460326406588545,
        "r2": 0.20796171269385744,
        "corr": 0.45619893942269807,
        "n_positions": 133835,
        "n_games": 1837
      },
      "label_move_ease": {
        "rmse": 0.21839077128611475,
        "r2": 0.0924643659787937,
        "corr": 0.3044033045332861,
        "n_positions": 133835,
        "n_games": 1837
      }
    },
    "rapid_classical": {
      "label_position_quality": {
        "rmse": 0.2303318452299457,
        "r2": 0.29423199601526195,
        "corr": 0.5446990972250834,
        "n_positions": 28136,
        "n_games": 403
      },
      "label_move_ease": {
        "rmse": 0.2143972046600402,
        "r2": 0.07830899894122645,
        "corr": 0.28785456066422127,
        "n_positions": 28136,
        "n_games": 403
      }
    }
  },
  "2200+": {
    "blitz": {
      "label_position_quality": {
        "rmse": 0.23650763888032048,
        "r2": 0.3206225349913713,
        "corr": 0.5664965471498546,
        "n_positions": 34288,
        "n_games": 426
      },
      "label_move_ease": {
        "rmse": 0.19971674031873457,
        "r2": 0.08370644093318913,
        "corr": 0.2944172916543507,
        "n_positions": 34288,
        "n_games": 426
      }
    },
    "rapid_classical": {
      "label_position_quality": {
        "rmse": 0.20656878678842666,
        "r2": 0.48022435993743773,
        "corr": 0.694135416332896,
        "n_positions": 2254,
        "n_games": 30
      },
      "label_move_ease": {
        "rmse": 0.1879209209815497,
        "r2": 0.028815370259239304,
        "corr": 0.1948312189049913,
        "n_positions": 2254,
        "n_games": 30
      }
    }
  },
  "1400-1600": {
    "blitz": {
      "label_position_quality": {
        "rmse": 0.24806540985252967,
        "r2": 0.18789245339870864,
        "corr": 0.43346905063903746,
        "n_positions": 117143,
        "n_games": 1783
      },
      "label_move_ease": {
        "rmse": 0.23060137979856865,
        "r2": 0.10119793826371004,
        "corr": 0.3181686961622446,
        "n_positions": 117143,
        "n_games": 1783
      }
    },
    "rapid_classical": {
      "label_position_quality": {
        "rmse": 0.2408612429800912,
        "r2": 0.23844869092723453,
        "corr": 0.4890673876184231,
        "n_positions": 34864,
        "n_games": 516
      },
      "label_move_ease": {
        "rmse": 0.23009326492678078,
        "r2": 0.0749454733825975,
        "corr": 0.28160029858044244,
        "n_positions": 34864,
        "n_games": 516
      }
    }
  },
  "2000-2200": {
    "blitz": {
      "label_position_quality": {
        "rmse": 0.238781242595633,
        "r2": 0.2577684043384385,
        "corr": 0.507732500559972,
        "n_positions": 76390,
        "n_games": 1010
      },
      "label_move_ease": {
        "rmse": 0.21204282904757119,
        "r2": 0.08369175006294616,
        "corr": 0.2904192281458858,
        "n_positions": 76390,
        "n_games": 1010
      }
    },
    "rapid_classical": {
      "label_position_quality": {
        "rmse": 0.22804820243519144,
        "r2": 0.26702280932613087,
        "corr": 0.5168991866291354,
        "n_positions": 12965,
        "n_games": 172
      },
      "label_move_ease": {
        "rmse": 0.21037669555864272,
        "r2": 0.05151555230532645,
        "corr": 0.23910824264304795,
        "n_positions": 12965,
        "n_games": 172
      }
    }
  },
  "1100-1400": {
    "blitz": {
      "label_position_quality": {
        "rmse": 0.24484184725849523,
        "r2": 0.18716562662234715,
        "corr": 0.4356341763500475,
        "n_positions": 110008,
        "n_games": 1727
      },
      "label_move_ease": {
        "rmse": 0.23729330835949244,
        "r2": 0.10207602757996992,
        "corr": 0.32009700237930083,
        "n_positions": 110008,
        "n_games": 1727
      }
    },
    "rapid_classical": {
      "label_position_quality": {
        "rmse": 0.23876840535846933,
        "r2": 0.22453519059496918,
        "corr": 0.4779698328128973,
        "n_positions": 41991,
        "n_games": 676
      },
      "label_move_ease": {
        "rmse": 0.23974936673660036,
        "r2": 0.08756900026068937,
        "corr": 0.2986897886488702,
        "n_positions": 41991,
        "n_games": 676
      }
    }
  },
  "800-1100": {
    "blitz": {
      "label_position_quality": {
        "rmse": 0.23374547610464505,
        "r2": 0.2126038599627269,
        "corr": 0.46238299359375085,
        "n_positions": 40981,
        "n_games": 691
      },
      "label_move_ease": {
        "rmse": 0.2517246391466596,
        "r2": 0.09932716367963612,
        "corr": 0.31978638040340174,
        "n_positions": 40981,
        "n_games": 691
      }
    },
    "rapid_classical": {
      "label_position_quality": {
        "rmse": 0.23509433462736995,
        "r2": 0.2426748770598598,
        "corr": 0.4927466146229726,
        "n_positions": 19971,
        "n_games": 381
      },
      "label_move_ease": {
        "rmse": 0.26084300185824794,
        "r2": 0.09658416130814573,
        "corr": 0.3187207971815943,
        "n_positions": 19971,
        "n_games": 381
      }
    }
  },
  "800-": {
    "blitz": {
      "label_position_quality": {
        "rmse": 0.22712742943262534,
        "r2": 0.35300415463273727,
        "corr": 0.5941673059010819,
        "n_positions": 5667,
        "n_games": 104
      },
      "label_move_ease": {
        "rmse": 0.2609587221562881,
        "r2": 0.08316676635905484,
        "corr": 0.2909438407813743,
        "n_positions": 5667,
        "n_games": 104
      }
    },
    "rapid_classical": {
      "label_position_quality": {
        "rmse": 0.22551132265659835,
        "r2": 0.2477529886990546,
        "corr": 0.5052223473269307,
        "n_positions": 3012,
        "n_games": 66
      },
      "label_move_ease": {
        "rmse": 0.2744507572981856,
        "r2": 0.10642403075797902,
        "corr": 0.33893961145722823,
        "n_positions": 3012,
        "n_games": 66
      }
    }
  }
}