{
  "2200+": {
    "rmse": 0.24023311985785573,
    "r2": 0.25500928969336434,
    "corr": 0.5073096963400376,
    "n_positions": 6224,
    "n_games": 76,
    "n_samples": 6224
  },
  "1100-1400": {
    "rmse": 0.2574889445916163,
    "r2": 0.16180393059467957,
    "corr": 0.40242780501056863,
    "n_positions": 10846,
    "n_games": 176,
    "n_samples": 10846
  },
  "1400-1600": {
    "rmse": 0.253249062136517,
    "r2": 0.1467516815452351,
    "corr": 0.3902197599041256,
    "n_positions": 11452,
    "n_games": 174,
    "n_samples": 11452
  },
  "2000-2200": {
    "rmse": 0.24051565260775112,
    "r2": 0.22557182506494877,
    "corr": 0.47624044086623135,
    "n_positions": 9305,
    "n_games": 124,
    "n_samples": 9305
  },
  "1600-1800": {
    "rmse": 0.2510841491584495,
    "r2": 0.1827252964485203,
    "corr": 0.4286170118167634,
    "n_positions": 11957,
    "n_games": 179,
    "n_samples": 11957
  },
  "800-1100": {
    "rmse": 0.26055154983088574,
    "r2": 0.12402800444922157,
    "corr": 0.36617713288054093,
    "n_positions": 4268,
    "n_games": 79,
    "n_samples": 4268
  },
  "800-": {
    "rmse": 0.23957838670784384,
    "r2": 0.1843756836184518,
    "corr": 0.45738869507804275,
    "n_positions": 851,
    "n_games": 14,
    "n_samples": 851
  },
  "1800-2000": {
    "rmse": 0.24503088264038392,
    "r2": 0.1779896586525479,
    "corr": 0.42412163148179594,
    "n_positions": 13000,
    "n_games": 181,
    "n_samples": 13000
  }
}